12QtD5BFwRsdNsAZY76UVE1xyCGNTojH9h,SDNTK
1Kuf2Rd8mDyAViwBozGTNYnvWL8uYFrkVo,SDNTK
13f59kUM5FU8MfTG7DCEugYarDhSD7XCoC,SDNTK
1P3ZfGFLezzYGg9k5SVzQmnjyh7nrUmF2y,SDNTK
1EpMiZkQVekM5ij12nMiEwttFPcDK9XhX6,SDNTK
1JREJdZupiFhE7ZzQPtASuMCvvpXC7wRsC,SDNTK
149w62rY42aZBox8fGcmqNsXUzSStKeq8C,CYBER2
1AjZPMsnmpdK2Rv9KQNfMurTXinscVro9V,CYBER2
17ezuJoT3XBbdcwFZbkTnrXbup11F4uhiy,SDNTK
1DH2xDH7TngrDU6LXciprKCBKNcPA1xX8A,SDNTK
33Kja69SQVc8kozpoP7Qw6HFtGxHkiWzTz,SDNTK
3MkUNScqf21EcfWq6T4x2MFgBeSTqhB5t6,SDNTK
18uKfaUjgG52rVeXEi3wxnveww7zZuECtE,SDNTK
134r8iHv69xdT6p5qVKTsHrcUEuBVZAYak,CYBER2
134r8iHv69xdT6p5qVKTsHrcUEuBVZAYak,DPRK3
15YK647qtoZQDzNrvY6HJL6QwXduLHfT28,CYBER2
15YK647qtoZQDzNrvY6HJL6QwXduLHfT28,DPRK3
1PfwHNxUnkpfkK9MKjMqzR3Xq3KCtq9u17,CYBER2
1PfwHNxUnkpfkK9MKjMqzR3Xq3KCtq9u17,DPRK3
14kqryJUxM3a7aEi117KX9hoLUw592WsMR,CYBER2
14kqryJUxM3a7aEi117KX9hoLUw592WsMR,DPRK3
1F2Gdug9ib9NQMhKMGGJczzMk5SuENoqrp,CYBER2
1F2Gdug9ib9NQMhKMGGJczzMk5SuENoqrp,DPRK3
3F2sZ4jbhvDKQdGbHYPC6ZxFXEau2m5Lqj,CYBER2
3F2sZ4jbhvDKQdGbHYPC6ZxFXEau2m5Lqj,DPRK3
1AXUTu9y3H8w4wYx4BjyFWgRhZKDhmcMrn,CYBER2
1AXUTu9y3H8w4wYx4BjyFWgRhZKDhmcMrn,DPRK3
1Hn9ErTCPRP6j5UDBeuXPGuq5RtRjFJxJQ,CYBER2
1Hn9ErTCPRP6j5UDBeuXPGuq5RtRjFJxJQ,DPRK3
1EfMVkxQQuZfBdocpJu6RUsCJvenQWbQyE,CYBER2
1EfMVkxQQuZfBdocpJu6RUsCJvenQWbQyE,DPRK3
17UVSMegvrzfobKC82dHXpZLtLcqzW9stF,CYBER2
17UVSMegvrzfobKC82dHXpZLtLcqzW9stF,DPRK3
39eboeqYNFe2VoLC3mUGx4dh6GNhLB3D2q,CYBER2
39eboeqYNFe2VoLC3mUGx4dh6GNhLB3D2q,DPRK3
39fhoB2DohisGBbHvvfmkdPdShT75CNHdX,CYBER2
39fhoB2DohisGBbHvvfmkdPdShT75CNHdX,DPRK3
3E6rY4dSCDW6y2bzJNwrjvTtdmMQjB6yeh,CYBER2
3E6rY4dSCDW6y2bzJNwrjvTtdmMQjB6yeh,DPRK3
3EeR8FbcPbkcGj77D6ttneJxmsr3Nu7KGV,CYBER2
3EeR8FbcPbkcGj77D6ttneJxmsr3Nu7KGV,DPRK3
3HQRveQzPifZorZLDXHernc5zjoZax8U9f,CYBER2
3HQRveQzPifZorZLDXHernc5zjoZax8U9f,DPRK3
3JXKQ81JzBqVbB8VHdV9Jtd7auWokkdPgY,CYBER2
3JXKQ81JzBqVbB8VHdV9Jtd7auWokkdPgY,DPRK3
3KHfXU24Bt3YD5Ef4J7uNp2buCuhrxfGen,CYBER2
3KHfXU24Bt3YD5Ef4J7uNp2buCuhrxfGen,DPRK3
3LbDu1rUXHNyiz4i8eb3KwkSSBMf7C583D,CYBER2
3LbDu1rUXHNyiz4i8eb3KwkSSBMf7C583D,DPRK3
3MN8nYo1tt5hLxMwMbxDkXWd7Xu522hb9P,CYBER2
3MN8nYo1tt5hLxMwMbxDkXWd7Xu522hb9P,DPRK3
3N6WeZ6i34taX8Ditser6LKWBcXmt2XXL4,CYBER2
3N6WeZ6i34taX8Ditser6LKWBcXmt2XXL4,DPRK3
1Q9UAQbcDezmyouFrzt94t4dSMxgsUfW1X,CYBER2
1Kys8fqDen8NGFUJ6AFcXfFW5qquuTH4eh,CYBER2
1Q6saNmqKkyFB9mFR68Ck8F7Dp7dTopF2W,CYBER2
1DDA93oZPn7wte2eR1ABwcFoxUFxkKMwCf,CYBER2
12udabs2TkX7NXCSj6KpqXfakjE52ZPLhz,ELECTION-EO13848
12udabs2TkX7NXCSj6KpqXfakjE52ZPLhz,CYBER2
1DT3tenf14cxz9WFNxmYrXFbB6TFiVWA9U,ELECTION-EO13848
1DT3tenf14cxz9WFNxmYrXFbB6TFiVWA9U,CYBER2
1Fz29BQp82pE3vXXcsZoMNQ3KSHfMzfMe3,CYBER2
1Fz29BQp82pE3vXXcsZoMNQ3KSHfMzfMe3,ELECTION-EO13848
1AeSq93WDNdLoEJ92sex7T8xQZoYYm8BtS,CYBER2
1AeSq93WDNdLoEJ92sex7T8xQZoYYm8BtS,ELECTION-EO13848
1AoxtfiBQ22DvbhqAN9Ctb8sULMRhrdwTr,CYBER2
1AoxtfiBQ22DvbhqAN9Ctb8sULMRhrdwTr,ELECTION-EO13848
18Qj1THHuETfYhuRDZycXJbWwDMGw73Poa,CYBER2
18Qj1THHuETfYhuRDZycXJbWwDMGw73Poa,ELECTION-EO13848
1MnbhWe5wr7Ut45ReyQsm96PwnM9jD7KaH,CYBER2
1MnbhWe5wr7Ut45ReyQsm96PwnM9jD7KaH,ELECTION-EO13848
1DYFJ6CuBvrxyoQSuBzVsNcetY9tvdsrag,CYBER2
1DYFJ6CuBvrxyoQSuBzVsNcetY9tvdsrag,ELECTION-EO13848
15Pt4NwZaUmMUwS2bQbyyncc7mzgWShtv8,CYBER2
15Pt4NwZaUmMUwS2bQbyyncc7mzgWShtv8,ELECTION-EO13848
1PhqQpaGCrqSxQ6QDXcv14QCd1U98Zp34E,CYBER2
1PhqQpaGCrqSxQ6QDXcv14QCd1U98Zp34E,ELECTION-EO13848
13YBQr2Cp1YY3xqq2qngaPb7ca1o4ugeq6,CYBER2
13YBQr2Cp1YY3xqq2qngaPb7ca1o4ugeq6,ELECTION-EO13848
1KgudqxMfYaGzqAA7MS4DcsqejtMteqhix,CYBER2
1KgudqxMfYaGzqAA7MS4DcsqejtMteqhix,ELECTION-EO13848
1FRyL9gmFGbzfYDAB4iY9836DJe3KSnjP9,CYBER2
1FRyL9gmFGbzfYDAB4iY9836DJe3KSnjP9,ELECTION-EO13848
1DbShx4r8i2XesthoDBf5EkYWz5dsKEusV,CYBER2
1DbShx4r8i2XesthoDBf5EkYWz5dsKEusV,ELECTION-EO13848
1NE2NiGhhbkFPSEyNWwj7hKGhGDedBtSrQ,CYBER2
1NE2NiGhhbkFPSEyNWwj7hKGhGDedBtSrQ,ELECTION-EO13848
19D8PHBjZH29uS1uPZ4m3sVyqqfF8UFG9o,CYBER2
19D8PHBjZH29uS1uPZ4m3sVyqqfF8UFG9o,ELECTION-EO13848
1EYitrwBYNWuTBcjZFbEUdqHppe2raLpaF,CYBER2
1EYitrwBYNWuTBcjZFbEUdqHppe2raLpaF,ELECTION-EO13848
1G9CKRHA3mx22DoT1QyNYrh85VSQ19Y1em,CYBER2
1G9CKRHA3mx22DoT1QyNYrh85VSQ19Y1em,ELECTION-EO13848
182NGZbPJXwg2WDrhrPpR7tpiGQkNPF844,CYBER2
182NGZbPJXwg2WDrhrPpR7tpiGQkNPF844,ELECTION-EO13848
1NayLEVF3bEEbDtdF2Cwso1VdEtvVNh2qX,CYBER2
1NayLEVF3bEEbDtdF2Cwso1VdEtvVNh2qX,ELECTION-EO13848
16PhXY3hNNMTo8kpuJx2emh713KbWpkqci,CYBER2
16PhXY3hNNMTo8kpuJx2emh713KbWpkqci,ELECTION-EO13848
1GqChmWqGtsaLrGbHfgdrV5Nkvahtjjuxr,CYBER2
1GqChmWqGtsaLrGbHfgdrV5Nkvahtjjuxr,ELECTION-EO13848
18Ke1QWE9nQfXuhJijHggZuPJ5ZYxapoBK,CYBER2
18Ke1QWE9nQfXuhJijHggZuPJ5ZYxapoBK,ELECTION-EO13848
1QJUiNsNfji6mR1FjAwf6Eg9NxxHPoxpWL,CYBER2
1QJUiNsNfji6mR1FjAwf6Eg9NxxHPoxpWL,ELECTION-EO13848
1DtGgdCi9VPKz2Bpq8GQhUQEPnQ5HwaT9n,CYBER2
1DtGgdCi9VPKz2Bpq8GQhUQEPnQ5HwaT9n,ELECTION-EO13848
1KSAbh5trMCTZwhiNsuUQvfTtSSTT8zqRk,CYBER2
1KSAbh5trMCTZwhiNsuUQvfTtSSTT8zqRk,ELECTION-EO13848
1BiUFjzH6wsT73U3tfy4aXHCQsYQHzjk5h,CYBER2
1BiUFjzH6wsT73U3tfy4aXHCQsYQHzjk5h,ELECTION-EO13848
3Gbs4rjcVUtQd8p3CiFUCxPLZwRqurezRZ,CYBER2
3Gbs4rjcVUtQd8p3CiFUCxPLZwRqurezRZ,ELECTION-EO13848
3Gbs4rjcVUtQd8p3CiFUCxPLZwRqurezRZ,NPWMD
bc1qv7k70u2zynvem59u88ctdlaw7hc735d8xep9rq,CYBER2
bc1qv7k70u2zynvem59u88ctdlaw7hc735d8xep9rq,ELECTION-EO13848
bc1qv7k70u2zynvem59u88ctdlaw7hc735d8xep9rq,NPWMD
bc1qw4cxpe6sxa5dg6sdwxjph959cw6yztrzl4r54s,CYBER2
bc1qw4cxpe6sxa5dg6sdwxjph959cw6yztrzl4r54s,ELECTION-EO13848
bc1qw4cxpe6sxa5dg6sdwxjph959cw6yztrzl4r54s,NPWMD
17a5bpKvEp1j1Trs4qTbcNZrby53JbaS9C,SDGT
1JPfVv5cWRLx1js9NWxg46dG2CGbeRz4th,ILLICIT-DRUGS-EO14059
12HQDsicffSBaYdJ6BhnE22sfjTESmmzKx,CYBER2
1L4ncif9hh9TnUveqWq77HfWWt6CJWtrnb,CYBER2
13mnk8SvDGqsQTHbiGiHBXqtaQCUKfcsnP,CYBER2
1Edue8XZCWNoDBNZgnQkCCivDyr9GEo4x6,CYBER2
1ECeZBxCVJ8Wm2JSN3Cyc6rge2gnvD3W5K,CYBER2
1J9oGoAiHeRfeMZeUnJ9W7RpV55CdKtgYE,CYBER2
1295rkVyNfFpqZpXvKGhDqwhP1jZcNNDMV,CYBER2
1LiNmTUPSJEd92ZgVJjAV3RT9BzUjvUCkx,CYBER2
1LrxsRd7zNuxPJcL5rttnoeJFy1y4AffYY,CYBER2
1KUUJPkyDhamZXgpsyXqNGc3x1QPXtdhgz,CYBER2
1CF46Rfbp97absrs7zb7dFfZS6qBXUm9EP,CYBER2
1Df883c96LVauVsx9FEgnsourD8DELwCUQ,CYBER2
bc1qdt3gml5z5n50y5hm04u2yjdphefkm0fl2zdj68,CYBER2
1B64QRxfaa35MVkf7sDjuGUYAP5izQt7Qi,CYBER2
3E7YbpXuhh3CWFks1jmvWoV8y5DvsfzE6n,CYBER2
3NRJ8aXdUiZdHaiFX9ePX3DhGHzcEi14Fq,CYBER2
3K7PMJyMNVnxqsfpmK9r9nJDtzDw9wNwNV,CYBER2
3H3rh85qPaGLy2w6618yZNaH7i8asHv46B,CYBER2
3MTrJTFhYK9v1C6pjHtuweZSopfZa4b1wb,CYBER2
347QFbejDBdMZFTxpmn6evvvqyXiqZTCd7,CYBER2
33xWfziVZesgo83U5izdNCBVTnrtBpSwK7,CYBER2
32wdqwX3zCEX3DhAVEcKwXCEGdzgBnx1R9,CYBER2
3N9YcPBDky9UsMx1RTk33tL4jDkZfSnsPk,CYBER2
bc1q90zrdysy4flyacw7hsury3ajs9yzwtwp6guqpypx94w0d3p58hysvz6pde,CYBER2
bc1qw7vfgv3r5vnehafl0y95sclg3uqsj87wxs9ad628yjjcq33cwessr6ndyw,CYBER2
bc1q86tl9255vg5wldamfymaaz36uqxzm30gs7fhkljvzdlt9t38s3lqgdwdfq,CYBER2
3M7CGBPUJwXXSroWuZ6H5jiprdKCyf7V5M,CYBER2
34kWCKF2wCbe6uinit2uL4ND6d8yxsuxKM,CYBER2
bc1qe95l438kzjcvnsm3kn8n5augf9gpctdlhsq7f7hpnkyvlr7rc7cqupapf7,CYBER2
32VgTk8kGvBsqkHhkvtNooGdtqZm46jTVo,CYBER2
3NPognMSbzyA2JYW2fpkVKWyBMi2XTq2Zt,CYBER2
3MzLtBQ4Lz9J6w4Qu55TktgxFKZwxYWrP6,CYBER2
36YGN5dGzqrxMomTHdkT6cYVMnWBw8S7hD,CYBER2
bc1q4rzdtlt0uslyw86cp29sctl6ct29g9a95cuup7pn5md9ddj7xgmqpp5m73,CYBER2
39KQvziHwUe2vddbpfC5WkQEV72qbQhxuh,CYBER2
3Qw9Fn19gCnga9LfHfpM99aGzuqxBNjR2i,CYBER2
158treVZBGMBThoaympxccPdZPtqUfYrT9,CYBER2
389Sft4nJFkPGhbagk9FN4jXncA9piYTuU,CYBER2
39Te8MbphSgs7npDJPj2hbNzhke61NTcnB,CYBER2
31p6woV4e55HUfC2aGynFhzQnGoJFW26cD,CYBER2
3DNsaQnaUz7wkQny1ZDSmtz6QfbEShxoDD,CYBER2
3AjyprBY5yhijiCjUC5NUJutGbwhd3AQdE,CYBER2
35QpLWYkvD3ALhjbge5bK2kd7HfHYcDMu3,CYBER2
3NQ1aa9ceirMJ1JvRq3eXefvXj1L639fzX,CYBER2
3BsyZ7qRFSi3NsaoV1Ff724qAgrEpjVUHm,CYBER2
372Wk9NLrMkJzKgqJdatWJy4bYRfxFjgat,CYBER2
3Lpoy53K625zVeE47ZasiG5jGkAxJ27kh1,RUSSIA-EO14024
3K4rjdh8A5yi6LWvft2rbmyZvqEbPSSSX4,CYBER2
17mhyeBX617ABZ1ffThhUTJkHUcMvCkfd5,CYBER2
35qwVtMEohWDdBWRiCSR7azoP5cbY8SG1Q,CYBER2
35KAdTa2vqnJzitF2xiUzZn1Gmcas2Y465,CYBER2
35LScRJ8hzDvvWh9t9UA8bHGnGNVz3YEfa,CYBER2
1PJp8diNa89cVHpiT1VPu7EQ8LxYM5HX6v,CYBER2
17V7THwHMiDJmDwZK4unhE5HgKFJKx7VCe,CYBER2
3PiCnZrBvGfWAKQ9hr4cCpfaDjy64yNSpE,CYBER2
14gM1HuLVDELNHaFU22qpabjtiWek4HhV1,CYBER2
1GYuu9d5HPikafbys3k5Q3DRJq6debGsoB,CYBER2
3GXdtA6kbb4M5aqzZm5qqxcFDFRMW8LqdJ,CYBER2
1B11Ezqg3AXjFhMdRq5UpPDpNyriYNVtkn,CYBER2
16SPDQFFzgsoNSPiFFTfS8Dw8LLXqia4oc,CYBER2
19pPbUDvoSBZafkUCYkD2Z9AkuqqV6sWm7,CYBER2
3BQACtiMXYB9JpUMpkEWt9m8BzswpGHq4X,CYBER2
1DGsY4ww3BJnWXTsnmTgWa6UWdoRXgA1pX,CYBER2
1GcKLUUXodTQcLcPD7VLMgvCc4hs5Q775,CYBER2
1EvhBad5wCZYhBoAsGaciV6AvmZ1osLpeJ,CYBER2
bc1qsmv6lkrw65l30yazdqpdjjtwzpvk9f8gfh0cy7,CYBER2
bc1qs9u6j78e3utj08mwvqkkmqm9de5xk3g4yh8qtq,CYBER2
12VrYZgS1nmf9KHHped24xBb1aLLRpV2cT,CYBER2
bc1q202ajnhxgg9d9jjczmg0g4usp6haqldyy2eakl,CYBER2
1NbGwQwt4uEhg2srAKppLf8QaF6fbp3PZG,CYBER2
13LQJQ1oJ9K7PsqsGfjNhoVv6UeU6hgzQz,CYBER2
1CG1aSCxUnbmv9G34ofxTQoHtuVnMLJtQV,CYBER2
3Kp8Qc5z7yevDeoQxhS5RSSKnEi5x7AQ43,CYBER2
331TS6DyASY7iU5CRA8UryBnkPS78fP2B1,CYBER2
1NvJm3jfZxENNyqws5BKQvhkLxg9chLJdo,CYBER2
1Licqjca74n8pmNaoARXLLqcTUTHFpxbXH,CYBER2
175BUqf8JCU1uoG1iTRKTacDa4uvJDUCw2,CYBER2
1ANpca7g93BwptUJg1zV116v49zn9gjDi3,CYBER2
1BCWMwpR4M1nYUuuYe2bmzrNuwGoF9ZAbA,CYBER2
18cFGAdYcvNHkuhXLBE7izQKCyUW8TzCJE,CYBER2
1QHxyuLGRMHfbNPJikV4Dwhfx45HWfUMWB,CYBER2
1GnFTy5F9qi5MfaRZfgdg2jkyT5xtAHvd8,CYBER2
bc1quyc6j8ca84q9gjej5jjd2n8hra0vfu0j60fefs57p6e5rerkq07q0l5u3w,CYBER2
16p2UWTZwXRyK5bTHNVjdDyy1D3EQGsZf2,CYBER2
1CddRqw7oSPrT4tt5oXKyx2LiHJDPszy7y,CYBER2
1Hhe61Bwxs8Hd2WxzWY9FQyZicBiZGeSNW,CYBER2
1D3GuaS9eqKw8dWj9JFQtNufdRtysjSLxZ,CYBER2
1PWRKxkR5AU7Tc9zPqjdhtu1eGW1QZzs4y,CYBER2
1D1ej7zQzywWBDNXKNYpmH7Hso2U9koDG4,CYBER2
3KGQ3hX6eFYtBjTBFSdvdkzHmwZyYWLRQh,CYBER2
1LKE3XA9bf5JFqtGtCHzWj5QGxKGwMfXZw,CYBER2
1MtsQsw6n2jvJCWhpCw7jifTfD9Q3rBBVg,CYBER2
1KkaKujnqwJf7Cbm7JKAZGF3X9d4685m8n,CYBER2
1Ge8JodC2HiBiEuT7D3MoH6Fak6XrcT9Kf,CYBER2
bc1qsmqpalp3gtgkltag4x3ygevmhh9y2hzk73t2ug,CYBER2
1E9uUnLbyfToazo95vmM3ysYnzgkrL7GeC,CYBER2
1HH8eiuaTMucTNyvGCUmAvmCZCtdMi8SqK,CYBER2
19FQzHibWDhSP8pKmJS3uagFYoisXtehzw,CYBER2
3DLGfN7hgsWXXSp9euXcnmWXLpFQuswW2t,CYBER2
1PXxwPVtYxZiCRp9LKq7aKMDFrhAQztvUE,CYBER2
1Q4tJjH2aBr3AJrzxqa4Z3jPpf5SDgF4jK,CYBER2
1PYtgFS2t6i57WdDvbRa7kPcsagGMBxzfg,CYBER2
16ZSAEfYpPCj3D94fsNt2okYj9Ue8mxy6T,CYBER2
bc1qvlzfn6kmezv44d8kw0p5jsmxe6wchv3zc7gsxs,CYBER2
3QVyoH4u3qT88uChAeJVhfB3r6maZt431y,CYBER2
1FFS6pX1TCKTNy668Mbk2Lyoem1qB48kYX,CYBER2
1Dpddb1TMjvmNQeYDqgyd1ww6cmwPJRdSk,CYBER2
3AjiWiUdKB5mcGUSS9mBeoHCeYJw3Zo8r6,CYBER2
1EtMuBPQnPCa3cecerdSH1SzydxnhbTmw,CYBER2
3CCmt5LjQ5yKkaFY1DWC2SbERVEtWRnSRD,CYBER2
1MQBDeRWsiJBf7K1VGjJ7PWEL6GJXMfmLg,CYBER2
1MbtT2ZsTtLp7EKZUV9r74cTyqvsMtTP2M,CYBER2
36yS87PLuW7sErLg1TY26WzaVarTim7AcC,CYBER2
3AYU365Tcjef7j9pdKF9Xe8rWpEpsH196t,CYBER2
148LKmyZT3FGE4x1GjsFN6RsAwcjzk5iuE,CYBER2
16EKTes8ahD8xvwisqjc2xSNLiG3fDHatW,CYBER2
3GuQjr7kkrR5EjpanMgyAuxuLgrjEUwe21,CYBER2
35eanEz5iYg2eYaxCtMrR4SCoypFqrBWUH,CYBER2
3QWUdP5taP4GrRuueVDud1eWetb7hc3wDH,CYBER2
3Czhm6xqn8odwz6jgTcjRrUjog28v6aVS8,CYBER2
1F7UL41qYm6TvnExZzPHBCyeENvX3XDEMS,CYBER2
123WBUDmSJv4GctdVEz6Qq6z8nXSKrJ4KX,CYBER2
3BCN3WgMRJwULTz1vsEQ7NZrBjwaUBf5Ca,CYBER2
35SwVFxosV3AsvnrBfzdXarqavRbvDyyxv,CYBER2
32pCmCWEjwhkLwh5BgLNAeBQFp5Gi1hv81,CYBER2
1G64TFMFVJTjhJXra6x74BBhsfSyiWaFtT,CYBER2
1A3iYY4c3dkgNYGewzYzr7EsqfBuWXibGo,CYBER2
3GAUBtrTtWp1D9yeXgr3wMg8B599QHa5m5,CYBER2
3HJN4jRa4mdfkey9JR9jUhr86yPwL86A3C,CYBER2
1EuUMPBCZtSd5pVVFEqmRqUSfU1qy6ASuL,CYBER2
1Pu1nAW7kCoSMThMs8QcpM8JxuByQDZgH,CYBER2
3QnWE5GVfQu3wVav91RuFkqip4Ti4NWqAY,CYBER2
1CNbhgxGRZvsWnEHotfXge7k2E1UPzBDC7,CYBER2
3HSZc4BLnQBznjSq7JvXgqNCZUUs3M9fZz,CYBER2
37dDBCexFPraKW4jGSqkE3NyG52YeZQbJx,CYBER2
1H8sDTTgJPBKw83EBZDLhXvetCbxZUMMZM,CYBER2
1BvJRBRp9ZZ6zLyuZaZsV7g3xP6JokdZQW,CYBER2
bc1q237mvl0heyw0r38wd3xz8h5mar96rrwpams8pp,CYBER2
34dxZvijpBM1YkPybczbQ7DuGuKAnULdfS,CYBER2
1GkLN7DbA9mAtHNzQWNPANcdWbefaz4Gzm,CYBER2
13hfsQm6oCaDZehfYBSMFiJVAi1jsL6sQd,CYBER2
1Sf6e4xQv8muMZqYPTdRFf3e5o5eWcg9F,CYBER2
bc1qj6j6p0jdefl6pvdzx3kx8245yy5mz6q4luhzes,CYBER2
1B3u21itzjgKtm7QsNQNCBpSkwzzeDHqrW,CYBER2
3JhPsVV3KnL9dBYGSZALS9EbrLr97R865a,CYBER2
bc1qqf8kcc9m57xjqcvsvuf989nnl48ve6d2s24cx3,CYBER2
1HuYfoEwsfHgZiRhbhJrCd5ST3iksa8KEx,CYBER2
1J9wJH2bamZVxscXAvoDH4jvtGKb7sYFDm,CYBER2
34WWXwFKAsXL9zYxbeNPaPV6vDamkjQLUo,CYBER2
3PDmRwotTkRAFRLGTUrucCERp2JdM1q4ar,CYBER2
3AFcE2mbSSndcpYFgHoExSmjUc26ef2gQh,CYBER2
3P6PzdfETr4275Gn3veLkCyDxA1jV8fHKm,CYBER2
3HRExd8GKFskZC5inmVcpiyy9UWG7FVa6o,CYBER2
3MP7yBGSW2gkXVRE8S84T2j4KVgPh3rEzv,CYBER2
1K2fmE9hfhbRNSZoBvCBWZAvsS5idTUxBG,CYBER2
3ES6pqCueDPCnC4hCqhhYuey6gyiRJZw6E,CYBER2
3KvBX3jo69Qn8jHy44M33RYoeYcf8DdRBD,CYBER2
3K26aMKmnrv97Pj6YiFcqiXk2LxeHfhnG3,CYBER2
3BWP6ZQAhc4j5wR1b95zJAthJEFvhdees7,CYBER2
3JuSgFrwnrNfuhvR4GpWAPmeJVot4xrEae,CYBER2
1DKGRGJXGNLAtTeFb9SNPNHtrkZ87q7qKi,CYBER2
361AkMKNNWYwZRsCE8pPNmoh5aQf4V7g4p,CYBER2
33fWcMdmsB2Ey4CEbVWbjGFkuevBSyP9nG,CYBER2
35aTjkBh4yeTypJsi9nuTdoMKHTsawKVgX,CYBER2
3K35dyL85fR9ht7UgzPfd1gLRRXQtNTqE3,CYBER2
3Q5dGfLKkWqWSwYtbMUyc8xGjN5LrRviK4,CYBER2
3EPqGUw2q89pwPZ1UF8FJspE2AyojSTjdu,CYBER2
3LhnVMcBq4gsR7aDaRr9XmUo17CuYBV4FN,CYBER2
3F6bbvS1krsc1qR8FsbTDfYQyvkMm3QvmR,CYBER2
3JHMz3mTna1gVCZSPp8NgRFiY7phkv5mA8,CYBER2
32DaxSzUhLBHY2WGSWQYiBSHnRsfQZrrRp,CYBER2
3MTRvM5QrYZHKo8gh5qKcrPK3RLjxcDCZE,CYBER2
34pFGsSYbWEritXncW9unZtQQE9dKSvKku,CYBER2
38ncxqt932N9CcfNfYuHGZgCyR85hDkWBW,CYBER2
3F6bbvS1krsc1qR8FsbTDfYQyvkMm3QvmR,CYBER2
3MD3riFB6U8PykypF6qkvSj8R2SGdUDPn3,CYBER2
3JUwAS7seL3fh5hxWh9fu3HCiEzjuQLTfg,CYBER2
3EUjqe9UpmyXCFd6jeu69hoTzndMRfxw9M,CYBER2
3QEjBiPzw6WZUL4MYMmMU6DY1Y25aVbpQu,CYBER2
3N3YSDvp4cbhEgNGabQxTN39kEzJmwG8Ah,CYBER2
3J19qffPT6mxQUcV6k5yVURGZtdhpdGr4y,CYBER2
33KKjn4exdBJQkTtdWxqpdVsWxrw3LareG,CYBER2
3GSXNXzyCDoQ1Rhsc7F1jjjFe7DGcHHdcM,CYBER2
3QJyT8nThEQakbfqgX86YjCK1Sp9hfNCUW,CYBER2
35hh9dg3wSvUJz9vFk1FsezLE5Fx3Hudk2,CYBER2
3NDzzVxiLBUs1WPvVGRfCYDTAD2Ua2PvW4,CYBER2
3DCCgmyKozcZkFBzYb1A2x8abZCpAUTPPk,CYBER2
3MvQ4gThF4mmuo49p4dBNchcmFHBRZnYfx,CYBER2
3FBgeJdhiBe22UoSpp51Vd8dPHVa2A4wZX,CYBER2
3HQDRyzwm82MFmLWtmyikDM9JQEtVT6vAp,CYBER2
31t4nEpcwyQJT1VuXdAoQZTT5givRDPsNP,CYBER2
39AALn7eTjdPzLb99hHhD6F7J8QWB3R2Rd,CYBER2
3LDbNuDkKmLae5r3a5icPA5CQg2Y8F7ogW,CYBER2
3JLyyLbwciWAC6re87D7mRknXakR4YbnUd,CYBER2
3ANWhUnHujdwbw2jEuGSRH6bvFsD9BqEy9,CYBER2
32fbAZMTaQxNd2fAue1PgsiPgWfcsHBQQt,CYBER2
3HupEUfKmMhvhXqf8TMoPAyqDcRC1kpe65,CYBER2
34kEYgpijvCmjvahRXXQEnBH76UGJVx2wg,CYBER2
3GYbbYkvqvjF5oYhaKCgQYCvcVE1JENk6J,CYBER2
3BazbaTP8ELJUEfPBV9z5HXEdgBziV9p7W,CYBER2
3GMfGEDYMTq9G8dEHet1zLtUFJwYwSNa3Y,CYBER2
38LjCapRrJEW7w2zwbyS15P9D9UGPjWS44,CYBER2
36XqYWGvUQwBrYLRVuegN4pJJJSPWL1WEu,CYBER2
37g6WgqedzZx6nx51tYgssNG8Hnknyj5nL,CYBER2
3QAdoc1rDCt8dii1GVPJXvvK6CEJLzCRZw,CYBER2
32PsiT8itBrEF84ebdaF82yBUEcz5Wc6uY,CYBER2
3B4G1M8eF3cThbeMwhEWkKzczw9QoNTGak,CYBER2
34ETiHfQWEYFCCaXmEeQWVmhFH5vz2JMvd,CYBER2
3PyzSbFj3hbQQjTzDzyLSgvFVDjB7yw4Cj,CYBER2
15PggTG7YhJKiE6B16vkKzA1YDTZipXEX4,CYBER2
1H939dom7i4WDLCKyGbXUp3fs9CSTNRzgL,CYBER2
1H939dom7i4WDLCKyGbXUp3fs9CSTNRzgL,IFSR
1H939dom7i4WDLCKyGbXUp3fs9CSTNRzgL,IRGC
bc1q3y5v2khlyvemcz042wl98dzflywr8ghglqws6s,CYBER2
bc1q3y5v2khlyvemcz042wl98dzflywr8ghglqws6s,IFSR
bc1q3y5v2khlyvemcz042wl98dzflywr8ghglqws6s,IRGC
bc1qx3e2axj3wsfn0ndtvlwmkghmmgm4583nqg8ngk,CYBER2
bc1qx3e2axj3wsfn0ndtvlwmkghmmgm4583nqg8ngk,IFSR
bc1qx3e2axj3wsfn0ndtvlwmkghmmgm4583nqg8ngk,IRGC
1H939dom7i4WDLCKyGbXUp3fs9CSTNRzgL,CYBER2
1H939dom7i4WDLCKyGbXUp3fs9CSTNRzgL,IFSR
1H939dom7i4WDLCKyGbXUp3fs9CSTNRzgL,IRGC
bc1qsxf77cvwcd6jv6j8d8j3uhh4g0xqw4meswmwuc,CYBER2
bc1qsxf77cvwcd6jv6j8d8j3uhh4g0xqw4meswmwuc,IFSR
bc1qsxf77cvwcd6jv6j8d8j3uhh4g0xqw4meswmwuc,IRGC
bc1q9lvynkfpaw330uhqmunzdz6gmafsvapv7y3zty,CYBER2
bc1q9lvynkfpaw330uhqmunzdz6gmafsvapv7y3zty,IFSR
bc1q9lvynkfpaw330uhqmunzdz6gmafsvapv7y3zty,IRGC
bc1qpaly5nm7pfka9v92d6qvl4fc2l9xzee8a6ys3s,CYBER2
bc1qpaly5nm7pfka9v92d6qvl4fc2l9xzee8a6ys3s,IFSR
bc1qpaly5nm7pfka9v92d6qvl4fc2l9xzee8a6ys3s,IRGC
bc1ql7dlyh8xz6tpqk92vztrhqh88dmjvcwrmsemrm,RUSSIA-EO14024
bc1q2lpgjntr348pfvxhfy33ehmdzy3gmx8w4052z6,RUSSIA-EO14024
1DbvK8P6imBuLcwh2Vruis4xsUb8YAwJQF,ILLICIT-DRUGS-EO14059
1G6DuwDKNHiUWqks2Lgu44cesu7ffFbLK7,ILLICIT-DRUGS-EO14059
3AQSmMk5n3c6TKEg9B2WyzYAPm33gJJAA4,ILLICIT-DRUGS-EO14059
129zKFLoVad9JtxSmDKeJoLCsjhGR7b3vr,ILLICIT-DRUGS-EO14059
12YyR9EpvHxBjjKjTWqfKqeyoWnvcraxpW,ILLICIT-DRUGS-EO14059
1KctQENEX5QkQMpnMC3Zh9yRAzkMBLpPcr,ILLICIT-DRUGS-EO14059
3HqA7i3ttECLvgqvq69HNxxUP5BL7Z5YgA,ILLICIT-DRUGS-EO14059
1G9A8WRjGXdnYY4TNEVRrcaHsMtana4ncF,ILLICIT-DRUGS-EO14059
1Js6goCey2NaqPQptiLANLQGuk4d6mowjP,ILLICIT-DRUGS-EO14059
13RH4JaFhaCxDGPyYE9emjp2aDxdX18uBA,ILLICIT-DRUGS-EO14059
1FE2cuvkq8n5VGwj5hi8YYQxskwJpovPyV,ILLICIT-DRUGS-EO14059
1DJoEMvp95yJYWyxAZy8DDBzuvjnrTVrsN,ILLICIT-DRUGS-EO14059
1N6XqSf3ULpNjko9LrJmHudRoLitjwkETN,ILLICIT-DRUGS-EO14059
bc1qwa6zu6qhl6wqnlxp642vcf89nptsassle25ulf,ILLICIT-DRUGS-EO14059
386wa1UM6nA798AWNh64jdrejZyedeXgUN,ILLICIT-DRUGS-EO14059
15UdZbmGPa2LatD3abtGpphgkHLFWftV4R,ILLICIT-DRUGS-EO14059
16tByCYzxuWiN8kF9FrK9jJy6eQYLVkQ1i,ILLICIT-DRUGS-EO14059
1NpHuti9NSM9fVTXLkvSDU4AnhqGQ5N53d,ILLICIT-DRUGS-EO14059
1LpYKb3SXZPve9hsH2QEJZFX279wJVGowi,ILLICIT-DRUGS-EO14059
15uqdxqNXQwVf5H7yZPz4TmEGeSccCwdor,ILLICIT-DRUGS-EO14059
1FjubFHV4mpYjBmvjsEhZssyiiA4TNmnm2,ILLICIT-DRUGS-EO14059
1LAh7PQwpd1uGiLHae5C5Xz9QXse3y2phq,ILLICIT-DRUGS-EO14059
15yqWQ4sqr7jzCwDtZ3U1KaCa8WMEy7Mm2,ILLICIT-DRUGS-EO14059
19GrL5jnUkGmHXVcraB1Etv5rXCANeLWpq,ILLICIT-DRUGS-EO14059
39NG2LcGRHXxSr1irpEVnJMw4ydL231sEn,ILLICIT-DRUGS-EO14059
3He6EyDaCUgmdr4GXqhxbeTQukaGLCByU2,ILLICIT-DRUGS-EO14059
12NpCkhddSNiDkD9rRYUCHsTT9ReMNiJjG,ILLICIT-DRUGS-EO14059
32jgFkZsTEjMFaBvxJnYvJEeTNKTmq5b32,ILLICIT-DRUGS-EO14059
1Hpj6qm9i7nMF3VkKfBFtjhEDpEjxHWvgv,ILLICIT-DRUGS-EO14059
194xmrZA53UBsZau2PnJLdmVVW9m5feeS,ILLICIT-DRUGS-EO14059
361NP7YcBPQ4KkLT3Y2QZeDEV4M3yi65Ar,ILLICIT-DRUGS-EO14059
1LuDiMd95Df4i2bcvrfw47t2GKpLLXAQMZ,ILLICIT-DRUGS-EO14059
3A1HH3PseYMkh2nSrBb4kkVt3815kUNVVC,ILLICIT-DRUGS-EO14059
1F317n2eJEMaEMGiwCqtd5XCU3wF7jzPEW,ILLICIT-DRUGS-EO14059
3HWjh69cVQvcPeLWVCyVmXEq72nyDSj5zP,ILLICIT-DRUGS-EO14059
1r6S9vpUZPS5rb6gSdwV2bvSFcN3uSq4q,ILLICIT-DRUGS-EO14059
3Jpf9B5P8cvEKSSGp9cES3Upbms8VRnXUb,ILLICIT-DRUGS-EO14059
3EL5vcYeu1cnivLtR7tnAX3bBirr9ATNAL,ILLICIT-DRUGS-EO14059
1LBQd4ZxtQYYsDWrCzK4uMxHBJVxmyzs3M,ILLICIT-DRUGS-EO14059
1LQV6yUBcfTjAWvFu3XPhdTgjqihss7i1z,ILLICIT-DRUGS-EO14059
1MiQRekg4BatJ12qbiSGnNakLLd8xbLMCG,ILLICIT-DRUGS-EO14059
12mNKr2YP4M3CEQvCvVqZsvxuCG47LHMu1,ILLICIT-DRUGS-EO14059
1J6cgUVEZRKyJhpXJgHWX7YmzkdnHRaLhF,ILLICIT-DRUGS-EO14059
3PUmTuVAW3LkKg53FZ7F97VDBitW4ugwnM,ILLICIT-DRUGS-EO14059
3H4qaWi5DS6FMwyZrG9xRRud3Qc5dUVn2U,ILLICIT-DRUGS-EO14059
13ViCDZyJxxv5cZzpDDsE7aDQ3Y552zpAH,ILLICIT-DRUGS-EO14059
1Juv2Ks3jJFUes8jEGxwgt6T6csBRQmmRw,ILLICIT-DRUGS-EO14059
35vypiSvQsxRiT3YZzGRGVaduUSx67ysZb,ILLICIT-DRUGS-EO14059
3LLUnf3ezw6mCbQ2zCZmGu5rZULzkhxQi7,ILLICIT-DRUGS-EO14059
3QrukkUiBrn23rFUKUgasNd1wYWNk7WdSV,ILLICIT-DRUGS-EO14059
3B3vmabBbeDRnVrjvvq3hm85zVB4v5bWFC,ILLICIT-DRUGS-EO14059
31nadacWrgPeAQxKRMabhn3fPhnhi3hjKa,ILLICIT-DRUGS-EO14059
343w3Xh64q5UpgpvAPqmsUzxrknde8PQHb,ILLICIT-DRUGS-EO14059
1C7RpJNE19HgefzWVCSaUqRTHAwGAFkbYV,ILLICIT-DRUGS-EO14059
bc1qfg4gfg0y6t6xjnpmlhuwx5k0wlw6nmfzxn2psc,RUSSIA-EO14024
3PKiHs4GY4rFg8dpppNVPXGPqMX6K2cBML,ILLICIT-DRUGS-EO14059
1986rYHckYbJpGQJy6ornuMyD2N5MTqwDt,DPRK3
125W5ek3DT6Zqy5S2iPt4FHQdNMCbZA3FU,DPRK3
1Kc6egXevyLEaeTxLFA1Zyw7GuhCN8jQtt,DPRK3
12w6v1qAaBc4W8h8C2Cu5SKFaKDSv3erUW,DPRK3
1CPJak9ZyddbawMGJPyEhCiJLXXb4sYv8N,DPRK3
1DJoVLgn1foJHHngduRPJvRbwpaFEKxvxd,DPRK3
15kZobLkD6HZgEECtz4oS2Vz21XHTnNfSg,DPRK3
15qyVrZvvVGvB7GWiAZ82TNcZ6QWMKu3kx,DPRK3
12YCfVAEzkEZXBYhUTyJJaRkgMXiFxJgcu,DPRK3
1MkCnCa9agS5t6V1B15bzusBgYECB4LfWp,DPRK3
1NuBZQXJPyYQGfoBib8wWBDpZmbtkJa5Ba,DPRK3
14rjAD8ZP5xaL571cMRE98qgxxbg1S8mAN,DPRK3
18yWCu6agTxYqAerMxiz9sgHrK3ViezzGa,DPRK3
12jVCWW1ZhTLA5yVnroEJswqKwsfiZKsax,DPRK3
1J378PbmTKn2sEw6NBrSWVfjZLBZW3DZem,DPRK3
18aqbRhHupgvC9K8qEqD78phmTQQWs7B5d,DPRK3
16ti2EXaae5izfkUZ1Zc59HMcsdnHpP5QJ,DPRK3
1D6gG9iKEhPitTcWRJiniuj1jYM2hNeAfJ,DPRK4
1FCNgfZWpYMeYhy9t18AAkTBu8AsdoAc1Z,DPRK4
bc1q4namcagg5wljs0u20z6h2sqgsq4q5lts8rt2rr,CYBER2
bc1qdpazd6smrkq5hmw6lupq98za2fqtgmq3azv3av,CYBER2
bc1qwz0l2ceddckwdy5rh6zyrm3x4ha6gn5f2da5zg,CYBER2
bc1qw8evftpgc8wsmkemd8yl5fg2husza5z802xaym,CYBER2
bc1qv4krhj2qmpd9qz9xj9nhvj99fq8s9xsw05d485,CYBER2
bc1qu5vngdtcx8nc9d68pq8nv7pzcjrswsy87s66gk,CYBER2
bc1qtsl3ufenrv3zgrgm9z8xarcx22x8mfztuartyn,CYBER2
bc1qtrrfhr0f3ufsrjxfv8a7p3yuqj0spe4cm6vaws,CYBER2
bc1qte9ret332gwrk6e7vqc87d807npzvdj5savg4h,CYBER2
bc1qtdupwe722vcc5e0vh94cgwfs0ep4gzwyfsf75q,CYBER2
bc1qnykkrlk67f9kdqvzyw2ndu3xmef5z2e52886yl,CYBER2
bc1qllmlvy5u038yvwywu803p53g8udcm8w7k4qxu9,CYBER2
bc1qlfpg2xn39u580cmwq6rymt8jdhcmj8520jhgh0,CYBER2
bc1ql7rnd70aejdxt3f9fzdlfazjlc9hvdmut8ad8s,CYBER2
bc1ql526s72gycmvq7hek6j3tuwwmcpv4rgs0auxu7,CYBER2
bc1qh3lw22uqwrywr8lpun20q2ma528a4yqmgf3uqp,CYBER2
bc1qgffxa65gr579tsz55n87pal2a777ygzg69d2yz,CYBER2
bc1qedvcgh32dud85yt7fu6s7qavthlh38gtwa7rhx,CYBER2
bc1qau9pmgc8l6rxpdwwap3fd6zprh5yp9mpe9jl0h,CYBER2
bc1qakycg2zp8hydg95lc9cheumpa9yfpdeyrqqh5f,CYBER2
bc1q9ua9ypl4dhj0zut5kzasj5c2kxclhh8v2k9djd,CYBER2
bc1q8q7z3kt37z6jalv5ujung5lem6pzlk9r3kt66k,CYBER2
bc1q8pw85s83mdx2f3rfu64mmfd9wexqu2y856arwp,CYBER2
bc1q7xfqqw9htr88t7vafg80p4qrlpjfyaps452x5g,CYBER2
bc1q7hhdygx05kyfyzjku2u7lywvx5pgyng6a0nefp,CYBER2
bc1q6w463k7mhsgguwgqtcratm4vm42rncwhvvkeck,CYBER2
bc1q68uswkjvu7nj7mhrvfzkx7cm6u5s9puvpm5dc2,CYBER2
bc1q5zd0cwzd09k9r8xfk68sn5ytqp8f5aae80yfsm,CYBER2
bc1q49ax787wv0mnn8wjgp3sx772qz7eun822rkv5k,CYBER2
bc1q3ael5my37nklgnqcrkwmnndfx9qdnp67j0739c,CYBER2
bc1q362njxy39gnwrvj7zytn84ax39fwnhvk7n2999,CYBER2
bc1q2jys00x2rgdkm3xnewuucqacytu0a7echupu8y,CYBER2
bc1q05aktddf9ce4p7hh3stgsf253m4vweu7nkhtmw,CYBER2
bc1qtywfzxx6snut2mdrum8dyr5nnd5qhqd29wmvqt,CYBER2
bc1qrc2gchg2fmxua5u7twu4luv5p9twmny4jjmg9x,CYBER2
bc1q9ws2gcq7uumm4mk3l9xezwve7w5tmcs5js5cup,CYBER2
bc1qh33xtpjqhgysq5xlmjzkm28uewj08885n95drr,CYBER2
bc1qe8wclszdtshkjk7gph57crc72vpp9rylujgwa5,CYBER2
bc1q2q8uxjznmurg363dvd98xjg54mrr7z6mw9t825,CYBER2
bc1qhvzl5w99m458nm7sc6hwf5qfhxndw28sgtatk8,CYBER2
bc1qavwamr74qlzj8txy6jaxqnpym9062h090x6kz4,CYBER2
bc1qe9lz50jq0a5pmtry0h3ekng3kjdg09vejg7355,CYBER2
bc1qup656lpfqfckhl580kwf62thmn5azmj2pal0sz,CYBER2
bc1qa2xr7dmz5lztplp9yfp7k382nf4ma8gwrl7zgg,CYBER2
bc1qrskwdw9unhlkt87ltcqq2d5pn9s6w2f35gz3z6,CYBER2
1NaRX1GZgtZ7E8iXo8YUdTtnb8rAK5QFJa,CYBER2
bc1qq7p0es3dv5hcynjjf40f2xjjr6qp5py47d2f6n847vduuq9gvnyq7y9ecd,CYBER2
bc1qq7p0es3dv5hcynjjf40f2xjjr6qp5py47d2f6n847vduuq9gvnyq7y9ecd,DPRK3
1JHdQHkBZiim1cb4hyUh2PbzEbbg6z2TrF,CYBER2
1JHdQHkBZiim1cb4hyUh2PbzEbbg6z2TrF,DPRK3
1Ljk8RNNabkZ9bfDYQBn98XfFozJhTjqcZ,RUSSIA-EO14024
3685sEusmTwZBiKJ4cgV73EAhpVD1nbgbe,RUSSIA-EO14024
39p8qWp1bkBNhi4vPpFTetKPtH7goqNDZf,RUSSIA-EO14024
3B7S6zrgxQVQUHTU8wstM23tB9afE7ojuX,ILLICIT-DRUGS-EO14059
bc1qardcxz845jw83vgfvcmewhuxa0ag9gchjwmcfd,ILLICIT-DRUGS-EO14059
3NNcbBcMZokPB2JC2dxYuZrpgcetvyGeJn,ILLICIT-DRUGS-EO14059
38TftW1heYPqvKbiAhT4ttNBqkUPpooXad,ILLICIT-DRUGS-EO14059
bc1qkfqh5p2qsakseg5gnwen6zh5xf3elmku2xaup29mw3l0wnncy3es880dss,ILLICIT-DRUGS-EO14059
3NU9zkD8CCVGVmYnNNSN7PbU9sSFQBm5UV,ILLICIT-DRUGS-EO14059
1MLPqwaFFUBZePTjpR3nxRoK19Cv9mPCc7,ILLICIT-DRUGS-EO14059
3HePkztPU6UsdENxnyQHFrdZA6eVKeMtvz,ILLICIT-DRUGS-EO14059
TUCsTq7TofTCJRRoHk6RvhMoS2mJLm5Yzq,ILLICIT-DRUGS-EO14059
19D1iGzDr7FyAdiy3ZZdxMd6ttHj1kj6WW,SDGT
3Q8H2ZWMtc4R1M3mkmhnTjCoYKTeCFigDP,SDGT
18gaXypKj9M23S2zT9qZfL9iPbLFM372Q5,CYBER2
bc1q5jqgm7nvrhaw2rh2vk0dk8e4gg5g373g0vz07r,CYBER2
32pTjxTNi7snk8sodrgfmdKao3DEn1nVJM,CYBER2
15cRqR3TXS1JehBGWERuxFE8NhWZzfoeeU,CYBER2
1A7SKE2dQtezLktCY8peLsdAtkqxV9r1dC,CYBER2
bc1q8ew45w2agdffrnwp6adt2gqrc9n4mkev9ns29c,CYBER2
bc1qagp0gy58v8hqvw4p2wsphcxg067rrppp45hexr,CYBER2
bc1qn6segn8km4nfdp9vueu6msfjsaxaqgun9h60n9,CYBER2
bc1qx9upga7f09tsetqf78wa3qrmcjar58mkwz6ng6,CYBER2
13fhnkmpBBWXUQucJd6efWvXdEj78DKavk,RUSSIA-EO14024
bc1qvhnfknw852ephxyc5hm4q520zmvf9maphetc9z,CYBER2
13JtX4h7G5ZuNK5mFudKGq9DHLvvMFuNuz,CYBER2
13JtX4h7G5ZuNK5mFudKGq9DHLvvMFuNuz,RUSSIA-EO14024
1M5N4sJ1NHb4fviLVZA5MZLKhLZqU4CPZz,CYBER3
1Gekw8ACSs37oXcc5XQHvoux3iKoVFtpF4,CYBER3
bc1q4yzd2rjmshm8ucrwy6dzj5rna20j0zlf8hf8vz,CYBER3
3FfRvC3kSo2SxiQe5e7SSuNdegwgq8iusL,CYBER3
bc1q3q2lz3cmt4u2f49ugxz5q34xrs0m2z4w2gmkp5,ILLICIT-DRUGS-EO14059
bc1qj2ffj6pepc80sfqpx2k2pd3q278q72dpqv2ens,ILLICIT-DRUGS-EO14059
bc1qjwr3rgww7a8ut7a4x8jqh3vswcue3xvp6dm7qe,ILLICIT-DRUGS-EO14059
bc1qvxlwpgcw260sc97a0u6dm0cjxv027clhd67fvx,ILLICIT-DRUGS-EO14059
bc1qwtswqzvaxl6lyw3keqqzwt8z937psta3wg9sjy,ILLICIT-DRUGS-EO14059
bc1qyqvyupkpl6tm60zdecef925y220ssjuagpxsm0,ILLICIT-DRUGS-EO14059
bc1q45cxufu7x6s5v9adzm9t38k80gwawse75xffwe,ILLICIT-DRUGS-EO14059
bc1qmzmx8res2fgzd2wttyvf2ajqqqtcnxxrgkqc2t,ILLICIT-DRUGS-EO14059
bc1qtnr3t28ltzgsuvr9j6ruqaat6fz773mm8wr02l,ILLICIT-DRUGS-EO14059
bc1q6rzzf4erht8v7kgh5mfnwcrvzxchxt5glpsuls,ILLICIT-DRUGS-EO14059
bc1qr4fd3glpnthkefcylhnxk4gp47jsd0523ue7qj,ILLICIT-DRUGS-EO14059
bc1q2c3vwu7wxq308lsun24rjlsh6ff0x8whx55v4q,ILLICIT-DRUGS-EO14059
bc1qwyye7frjufeth0pecvaf3hz67lakt028dezv3p,ILLICIT-DRUGS-EO14059
bc1qhsp4kffl5pmsae43st9jufagu6uy7lsa6mslla,ILLICIT-DRUGS-EO14059
bc1qlhh94040d8nxkstf4l7720q72f2vntxxl96m4d,ILLICIT-DRUGS-EO14059
bc1qdzgee6h4zjwvn8lyzjxgd467zxnshelqkudh7z,ILLICIT-DRUGS-EO14059
bc1q97eg4k2juepa3smpac4pnfjsnyws696c290cxq,ILLICIT-DRUGS-EO14059
bc1qu3e9sq8cem759umc3pywlsly3rr2qvjlxfnn9l,ILLICIT-DRUGS-EO14059
bc1qa4jp7udkn2ycecz8289jfs3vpnqdwf4483d3qe,ILLICIT-DRUGS-EO14059
bc1qxp3sxw4q2rw3u9pd2k7udhp4eagc77jqcezv4q,ILLICIT-DRUGS-EO14059
bc1q7d46dvuv56kn4mm0jz3yep6xj74kxcpydt5te4,ILLICIT-DRUGS-EO14059
bc1qetqqlgvlnzdh4eshz9q6twlpdtmvy5rfkn3lza,ILLICIT-DRUGS-EO14059
bc1qtrh9z4ls2s2mflyhc5y0mtxt0y30n87c97z4qp,ILLICIT-DRUGS-EO14059
bc1qr2tgu4almsw9ajqfwz93qw0xc8w2g72xpyzqvn,ILLICIT-DRUGS-EO14059
bc1qzqqdvukupr0qr5uckn2zjn40mkflnxu8fuuqdp,ILLICIT-DRUGS-EO14059
bc1q6yz2q723helcd7rz7xltw5nu77vn649zczklc3,ILLICIT-DRUGS-EO14059
bc1qfpdycqpkl5hvxg4feuk3nhde5h8t2zd89svsg9,ILLICIT-DRUGS-EO14059
bc1qhe6zy9x6ar42zkec3lhkms5m7hh3svtc88qhf6,ILLICIT-DRUGS-EO14059
bc1qptrvdk8uv8shd734tyhyzatrvmlq9l0v6r0dc2,ILLICIT-DRUGS-EO14059
bc1qcp6fr7gtyukympl6unr7uv78h3vprycwj455zx,ILLICIT-DRUGS-EO14059
bc1q8p5r6wdx7leuekulnlglapy2wlwxgukpe76mys,ILLICIT-DRUGS-EO14059
bc1q7qsruzjsed9sy6taqz2m5rvljsmleg2xl7dz5r,ILLICIT-DRUGS-EO14059
bc1q3tan207evu5skk2wj80ycyw242g0kdnn3hs3x0,ILLICIT-DRUGS-EO14059
bc1q4sqmmyv63g6ma5cmswzap3d8k995h0str69v3t,ILLICIT-DRUGS-EO14059
bc1qec85gd576z0phflq2jm8jxlh22tckqj3yru7xs,ILLICIT-DRUGS-EO14059
bc1q4qjvgw475a39d8cpcyv5keq39jlmlrq870sn30,ILLICIT-DRUGS-EO14059
bc1qmwznjzlhrj3fney3elxkwdpwa72u7eq0ge76dt,ILLICIT-DRUGS-EO14059
bc1qzcg8y0utezp7zkp2cmqppd3x80l4gpqzew25wy,ILLICIT-DRUGS-EO14059
bc1qdd2mumk4rxnygxyn5qhrq6pah6yjmnl3s9mef5,ILLICIT-DRUGS-EO14059
bc1qcjh0phl2yy3rxcztfthz9psuvk8trv2qe06p0k,ILLICIT-DRUGS-EO14059
3FgaJMgxCfU3qqQ3Yiqv3Xw8rmLDDkByeo,ILLICIT-DRUGS-EO14059
3EQoMXw6Xi8zNzY8tLfJbkWjV5EXsQP4Es,ILLICIT-DRUGS-EO14059
37KHumAdzFcg1fXMv36UGg91MHPqhJUv19,ILLICIT-DRUGS-EO14059
3GBGnqDqdiskCmfq2Rchk1LcBoSo4P3DZQ,ILLICIT-DRUGS-EO14059
